id,grup,prompt,expected_kategori,predicted_kategori,kategori_match,filter_match,is_accurate,is_grounded,t_total_ms
1,"Kategori - Pantai Eksplisit","Rekomendasikan pantai yang bagus di Padang",Pantai,Pantai,1,1,1,1,1368.22
2,"Kategori - Pantai Implisit","Mau main pasir dan lihat ombak laut di Padang",Pantai,Pantai,1,1,1,1,1373.68
3,"Kategori - Pantai Terdekat","Pantai yang paling dekat dari lokasi saya",Pantai,Pantai,1,1,1,1,1426.97
4,"Kategori - Pantai Kata Kunci","Pantai pasir putih yang pemandangannya indah",Pantai,Pantai,1,1,1,1,1324.41
5,"Kategori - Pantai Ramah Anak","Pantai yang ombaknya tenang dan cocok untuk anak-anak",Pantai,Pantai,1,1,1,1,1327.94
6,"Kategori - Pulau Snorkeling","Pulau di Padang yang bagus untuk snorkeling dan diving",Pulau,Pulau,1,1,1,1,1452.49
7,"Kategori - Pulau Resort","Rekomendasikan pulau resort terbaik dengan vila di Padang",Pulau,Pulau,1,1,1,1,1329.87
8,"Kategori - Pulau Karang","Pulau karang kecil yang lautnya jernih",Pulau,Pulau,1,1,1,1,1275.08
9,"Kategori - Alam Air Terjun","Wisata air terjun alami di Padang yang sejuk",Alam,Alam,1,1,1,1,1339.7
10,"Kategori - Alam Pemandangan Bukit","Spot sunset pemandangan kota Padang dari atas bukit",Alam,Alam,1,1,1,1,1396.77
11,"Kategori - Alam Hutan Lindung","Taman konservasi hutan atau kebun raya di Padang",Alam,Alam,1,1,1,1,1343.39
12,"Kategori - Alam Bukit Santai","Bukit santai dengan pemandangan laut yang cocok untuk keluarga",Alam,Alam,1,1,1,1,1465.91
13,"Kategori - Museum Budaya","Museum budaya Minangkabau di Kota Padang",Museum,Museum,1,1,1,1,1356.26
14,"Kategori - Museum Rumah Gadang","Museum arsitektur rumah gadang dan artefak sejarah",Museum,Museum,1,1,1,1,1336.36
15,"Kategori - Museum Kolonial","Museum peninggalan kolonial atau kota tua di Padang",Museum,Museum,1,1,1,1,1411.26
16,"Kategori - Sejarah Landmark","Jembatan Siti Nurbaya buka jam berapa dan ada apa saja?",Sejarah,Sejarah,1,1,1,1,1453.46
17,"Kategori - Sejarah Religi","Masjid bersejarah tertua peninggalan abad ke-19 di Padang",Sejarah,Sejarah,1,1,1,1,1424.55
18,"Kategori - Sejarah Monumen","Tugu peringatan bersejarah di Padang",Sejarah,Sejarah,1,1,1,1,1343.6
19,"Kategori - Kuliner Rendang","Tempat makan rendang khas Padang yang paling terkenal",Kuliner,Kuliner,1,1,1,1,1331.16
20,"Kategori - Kuliner Soto","Warung soto padang kuah kaldu sapi gurih",Kuliner,Kuliner,1,1,1,1,1459.63
21,"Kategori - Kuliner Mie","Tempat makan mie kocok kaldu sapi di Padang",Kuliner,Kuliner,1,1,1,1,1325.66
22,"Kategori - Kuliner Oleh-oleh","Pasar atau pusat beli oleh-oleh khas Padang",Kuliner,Kuliner,1,1,1,1,1348.45
23,"Filter - Tiket Gratis","Wisata gratis di Padang tanpa bayar tiket masuk",-,-,1,1,1,1,1380.18
24,"Filter - Batas Harga","Tempat wisata yang harga tiketnya di bawah 10000 rupiah",-,-,1,1,1,1,1422.43
25,"Filter - Buka 24 Jam","Tempat makan atau restoran yang buka 24 jam di Padang",Kuliner,Kuliner,1,1,1,1,1357.72
26,"Filter - Jam Sekarang","Wisata apa saja yang buka sekarang jam segini?",-,-,1,1,1,1,1432.48
27,"Filter - Urutan Termurah","Wisata pantai termurah atau paling hemat di Padang",Pantai,Pantai,1,1,1,1,1397.33
28,"Filter - Urutan Terbaik","Tempat wisata dengan rating terbaik dan paling direkomendasikan",-,-,1,1,1,1,1295.77
29,"Spasial - Wilayah Bungus","Pantai di daerah Bungus Teluk Kabung",Pantai,Pantai,1,1,1,1,1393.39
30,"Spasial - Wilayah Padang Barat","Tempat makan dan nongkrong di Padang Barat",Kuliner,Kuliner,1,1,1,1,1425
31,"Spasial - Wilayah Padang Selatan","Wisata di kecamatan Padang Selatan",-,-,1,1,1,1,1340.49
32,"Entitas - Pantai Malin Kundang","Pantai Malin Kundang",Pantai,Pantai,1,1,1,1,1430.12
33,"Entitas - Batu Malin Kundang","Batu Malin Kundang lokasinya di mana dan berapa tiketnya?",-,-,1,1,1,1,1339.58
34,"Entitas - Hutan Bung Hatta","Taman Hutan Bung Hatta buka sampai jam berapa?",Alam,Alam,1,1,1,1,1371.63
35,"Spasial - User di Luar Padang","Rekomendasi wisata pantai terbaik untuk liburan saya",Pantai,Pantai,1,1,1,1,1350.77
36,"Multi-turn - Rujukan Entitas","Berapa harga tiket yang pertama?",Museum,Museum,1,1,1,1,1346.87
37,"Chit-chat - Sapaan","Halo selamat pagi min",-,Sapaan,1,1,1,1,0
38,"Chit-chat - Terima Kasih","Terima kasih banyak atas infonya ya!",-,-,1,1,1,1,1328.09
39,"Out-of-Scope - Wisata Salju","Rekomendasi tempat main salju dan ski es di Padang",-,-,1,1,1,1,1431.86
40,"Out-of-Scope - Candi Hindu","Wisata candi peninggalan kerajaan Hindu di Kota Padang",Sejarah,Sejarah,1,1,1,1,1364.11
